9781399183666,NEW,9781399183666,Shadow City,Limp,Gloss,234,156,21,378,60,Holmen Book Cream 60 gsm,N
9781399183574,NEW,9781399183574,The Pianist's Wife,Limp,Gloss,234,156,20,366,60,Holmen Book Cream 60 gsm,N
9781399184281,NEW,9781399184281,The Ledge,Limp,Gloss,234,156,18,324,60,Holmen Book Cream 60 gsm,N
9781444853674,NEW,9781444853674,Crook o'Lune,Limp,Gloss,234,156,15,270,60,Holmen Book Cream 60 gsm,N
9781444854800,NEW,9781444854800,Witness 8,Limp,Gloss,234,156,25,456,60,Holmen Book Cream 60 gsm,N
9781444854893,NEW,9781444854893,Shy Creatures,Limp,Gloss,234,156,25,450,60,Holmen Book Cream 60 gsm,N
9781444854862,NEW,9781444854862,Secrets and Lies,Limp,Gloss,234,156,22,396,60,Holmen Book Cream 60 gsm,N
9781444854916,NEW,9781444854916,Into Thin Air,Limp,Gloss,234,156,22,402,60,Holmen Book Cream 60 gsm,N
9781444854794,NEW,9781444854794,The Lost Coast,Limp,Gloss,234,156,22,396,60,Holmen Book Cream 60 gsm,N
9781444854787,NEW,9781444854787,The Siege,Limp,Gloss,234,156,27,492,60,Holmen Book Cream 60 gsm,N
9781444854848,NEW,9781444854848,The Weekenders,Limp,Gloss,234,156,19,354,60,Holmen Book Cream 60 gsm,N
9781444854114,NEW,9781444854114,Never Say Never,Limp,Gloss,234,156,13,240,60,Holmen Book Cream 60 gsm,N
9781399170215,NEW,9781399170215,The Silence Factory,Limp,Gloss,234,156,23,420,60,Holmen Book Cream 60 gsm,N
9781399170222,NEW,9781399170222,The Household,Limp,Gloss,234,156,21,390,60,Holmen Book Cream 60 gsm,N
9781399169394,NEW,9781399169394,Bonded in Death,Limp,Gloss,234,156,23,414,60,Holmen Book Cream 60 gsm,N
9781399170154,NEW,9781399170154,University Challenges,Limp,Gloss,234,156,19,342,60,Holmen Book Cream 60 gsm,N
9781399170109,NEW,9781399170109,A Trace of Hares,Limp,Gloss,234,156,19,354,60,Holmen Book Cream 60 gsm,N
9780750551892,NEW,9780750551892,Hope for the Blitz Girls,Limp,Gloss,234,156,19,354,60,Holmen Book Cream 60 gsm,N
9780750551878,NEW,9780750551878,The Housekeeper of Holcombe Hall,Limp,Gloss,234,156,18,336,60,Holmen Book Cream 60 gsm,N
9780750551946,NEW,9780750551946,The Smuggler's Girl,Limp,Gloss,234,156,20,366,60,Holmen Book Cream 60 gsm,N
9780750551922,NEW,9780750551922,Destiny,Limp,Gloss,234,156,19,354,60,Holmen Book Cream 60 gsm,N
9781399170208,NEW,9781399170208,Shadow City,Limp,Gloss,234,156,21,378,60,Holmen Book Cream 60 gsm,N
9781399170192,NEW,9781399170192,The Pianist's Wife,Limp,Gloss,234,156,20,366,60,Holmen Book Cream 60 gsm,N
9781444854770,NEW,9781444854770,The Ledge,Limp,Gloss,234,156,18,324,60,Holmen Book Cream 60 gsm,N
9780750551663,NEW,9780750551663,The Watchers of Pencarrack Moor,Limp,Gloss,234,156,24,444,60,Holmen Book Cream 60 gsm,N
9780750551885,NEW,9780750551885,A Secret In The Family,Limp,Gloss,234,156,23,420,60,Holmen Book Cream 60 gsm,N
9780750551823,NEW,9780750551823,A New Chapter At The Little Penguin Bookshop,Limp,Gloss,189,123,18,324,60,Holmen Book Cream 60 gsm,N